Unnamed: 0;PP 579s;HP501M;PP505;HP 640J;PP-Rezyklat;PP-C2400;PP-Replano;CR5P;Drehzahl_mean;T_Extruder;V;intervall;versuchspunkt;steigung_m;K_potenzgesetz;eta_1;eta_2;eta_3;eta_4;eta_5;eta_6;Drehmoment_mean;drehmoment-main-drive-chart_std;Drehzahl_mean.1;drehzahl-chart_std;Druck_mean;druck-1-chart_std;temperatur-zone-10-chart_mean;temperatur-zone-10-chart_std;voltage_mean_mean;voltage_mean_std;torque_mean_mean;torque_mean_std;T_gemessen;augmentation_id
1;0;0;1;0;0;0;0;0;300;230;15;1;1;-0.868334239;47984.57641;1578.9196;864.898938;473.7734415;259.5231235;142.3127591;77.9559353;56.09189639;1.19501043;300.2006978;1.12927281;35.59339609;0.52824003;220.1620691;0.90627943;3.14367423;0.04700434;62.87348467;0.94008685;271;0
5;0;0.45;0.55;0;0;0;0;0;300;230;15;5;5;-0.86066032;43095.23071;1461.474747;804.834794;443.2228793;244.083037;134.5585723;74.10146568;50.0618645;1.0064626;300.4035567;1.33397192;32.87122865;0.56867509;220.1355935;0.5833211;2.78066972;0.04400108;55.61339434;0.8800215;264;0
10;0;1;0;0;0;0;0;0;300;230;15;10;10;-0.857312857;38533.56948;1324.089603;730.8705959;403.42574;222.6828233;123.045687;67.91872269;42.42661292;0.95613464;300.2560223;1.0657256;27.67592116;0.43795565;220.0741944;0.43379135;2.31618627;0.04141528;46.32372548;0.82830557;256.7;0
11;1;0;0;0;0;0;0;0;300;230;15;11;11;-0.8248252;23488.84492;917.0958935;517.7470374;292.2944009;165.0149795;93.25357803;52.64636348;34.88741945;5.51583119;300.1365475;1.03600437;12.17809609;1.94966785;220.001612;0.14985513;1.85518445;0.33562639;37.10368901;6.71252773;248.4;0
15;0;0;0.998;0;0;0;0;0.002;300;230;15;15;15;-0.721909528;9749.745059;570.5347218;345.9120236;209.724533;127.154816;77.16153254;46.78260734;52.53839275;1.60608365;300.0094528;1.00638447;25.96054486;1.23257672;220.4696421;0.33947597;2.92722617;0.0816852;58.54452343;1.63370408;256.2;0
17;1;0;0;0;0;0;0;0;200;210;10;17;17;-0.824983187;21605.60669;843.0431022;475.8883728;268.6336473;151.64068;85.68610128;48.36884283;37.07779661;1.55990813;200.0269046;1.17665458;11.94410117;0.36440802;199.9779642;0.20432292;2.02013184;0.08447878;40.40263682;1.68957558;226.6;0
20;1;0;0;0;0;0;0;0;400;210;20;20;20;-0.825172828;21540.74401;839.8857045;474.0437408;267.557201;151.0131864;85.3203335;48.15604057;42.75475418;1.48654904;400.5551257;1.17291067;16.4281885;0.52027711;200.2999998;0.36878118;2.31910698;0.07591058;46.38213965;1.51821165;237.8;0
21;1;0;0;0;0;0;0;0;200;250;10;21;21;-0.523441589;1719.657344;219.5981481;152.7766751;106.2882937;73.9458518;51.47791587;35.81371198;32.20344836;1.08201996;200.2919177;1.3450176;11.28584465;0.35791566;239.7551735;0.27091252;1.73783841;0.04078152;34.75676828;0.81563045;256.1;0
22;1;0;0;0;0;0;0;0;400;250;10;22;22;-0.477888436;1205.897621;184.1969343;132.2585156;94.96528812;68.18771486;48.98937312;35.17573075;24.63366674;0.76069098;400.2116465;0.71053033;9.59068769;0.1709625;240.2733322;0.229124;1.22186105;0.02858441;24.43722111;0.57168818;268;0
23;1;0;0;0;0;0;0;0;200;250;20;23;23;-0.48900544;1342.9599;196.35951;139.9093162;99.68764321;71.02905278;50.63970155;36.08160369;58.58327878;1.71107819;200.0346957;1.79132234;15.95763608;0.24103302;239.6999987;0.2302161;3.32934673;0.0704516;66.58693455;1.40903198;248.8;0
40;0;0;1;0;0;0;0;0;400;250;20;40;40;-0.719265132;14612.44104;864.0265416;524.8155615;318.7765194;193.6270125;117.7141334;71.50036029;56.79355919;1.10857426;400.2869754;1.05510357;34.95186453;0.5941419;240.2966094;0.83024042;3.15368002;0.06484494;63.07360034;1.29689877;290.8;0
41;0;0;0;1;0;0;0;0;300;230;15;41;41;-0.765265404;16673.50704;822.7778228;484.0773206;284.8045314;167.5633575;98.67764013;58.05650846;49.68655752;1.05349405;299.9132665;1.11897879;36.96659676;0.50580059;219.9622955;0.54624889;2.75609789;0.04108645;55.12195777;0.82172892;262.6;0
50;0;0;0;1;0;0;0;0;200;250;20;50;50;-0.740024663;17064.14967;929.9093342;556.7637943;333.3506948;199.5867671;119.6068967;71.61213163;81.09571375;2.09703189;200.141725;1.73437914;35.99420779;0.46708943;239.8535701;0.10262732;4.68811746;0.09653199;93.76234918;1.93063989;271.5;0
51;0;0;0;1;0;0;0;0;400;250;20;51;51;-0.732579655;15718.08271;881.9996229;530.8110427;319.4563306;192.2573928;115.8096458;69.69735277;51.49275865;2.74975559;400.1003528;1.19120133;33.50544795;1.22690601;239.9465514;0.16671697;2.83611321;0.16069216;56.72226425;3.21384317;286;0
64;0.33;0;0.33;0.33;0;0;0;0;300;230;15;64;64;-0.764342035;16409.39927;812.6901916;478.4484353;281.6730258;165.8270517;97.7175456;57.52844968;52.3155934;1.0833128;300.1614256;1.15942584;35.22723925;0.55089213;220.1152535;0.44829733;2.91725092;0.04336406;58.34501844;0.86728123;255.4;0
81;0.66;0;0.33;0;0;0;0;0.002;300;230;15;81;81;-0.584018324;3086.766297;310.6357798;207.2260954;138.241173;92.22111671;61.56506782;41.07024832;42.63512834;7.02390517;300.4205717;0.96984916;15.38313146;2.2415801;220.2371787;0.44782494;2.33777223;0.41517423;46.75544466;8.30348463;251;0
87;0.33;0;0;0.66;0;0;0;0.002;300;230;15;87;87;-0.608269607;4157.927487;380.3766699;249.5206396;163.6813046;107.3721578;70.4868687;46.23818954;46.32535696;2.20450598;300.2393584;1.09394579;18.24234243;0.84853521;219.9726192;1.13172777;2.5549024;0.11879354;51.09804797;2.37587086;262;0
88;0.33;0;0;0.66;0;0;0;0.005;300;230;15;88;88;-0.570709568;2969.479321;314.8862292;212.0083517;142.7421621;96.10623682;64.75224121;43.59674909;47.41059518;8.11253202;300.2456589;0.93805828;15.38809322;2.09208523;219.9821427;1.03924843;2.61490016;0.46557479;52.29800312;9.31149589;253.8;0
91;0;0;0;0;1;0;0;0;300;230;15;91;91;-0.653572129;5803.523473;444.2950445;282.4402934;179.5485238;114.139778;72.61732855;46.1631518;43.94466635;3.69415596;300.132282;0.78915387;20.91929493;1.18764052;229.9866659;0.05956892;-0.00151001;0.00020704;-0.03020023;0.00414077;257.6;0
92;0;0;0;0;1;0;0;0;200;210;10;92;92;-0.655944164;5939.272448;450.466559;285.8931088;181.444922;115.1558352;73.1436121;46.42132525;37.79600004;0.77444822;200.229276;0.73136927;16.59167627;0.16953752;209.6099993;0.45647967;3.59093162;0.03469013;71.81863244;0.69380254;246.7;0
112;0;0;0;0.25;0.748;0;0;0.002;300;230;15;112;112;-0.650966988;5630.438957;435.482232;277.3383009;176.623815;112.4834612;71.69266992;45.65771415;40.69066658;1.15885397;300.1499156;0.80972892;19.01897677;1.52635724;230.1216685;0.06911243;1.55543575;0.02786783;31.10871496;0.55735663;269.1;0
113;0;0;0;0.25;0.745;0;0;0.005;300;230;15;113;113;-0.619752204;4244.337138;371.1414782;241.5324518;157.1851401;102.2933692;66.62136533;43.35603173;40.07783343;0.79301188;300.1499166;0.86085413;15.87685658;0.62715638;229.753334;0.79007974;-0.00482092;0.00097888;-0.0964183;0.01957756;261.4;0
119;0.25;0;0;0;0.745;0;0;0.005;300;230;15;119;119;-0.560401785;2472.761314;273.0592058;185.1650752;125.5628975;85.14586893;57.77823579;39.1801893;36.51116651;0.79614127;300.0793706;0.75974596;12.69434797;0.50547252;229.9366628;0.06881164;1.57450851;0.72545657;31.49017017;14.50913143;258.4;0
121;0;0;0.25;0;0.75;0;0;0;300;230;15;121;121;-0.687856346;8170.771557;546.638336;339.3397165;210.6538009;130.7687302;81.24653189;50.43586094;43.30550022;0.75957493;300.3615575;0.82941134;22.01111603;0.25664476;229.7800006;0.59853028;0.73956578;0.83274972;14.79131554;16.65499435;272.8;0
126;0;0;0;0;0.998;0;0;0.002;300;230;15;126;126;-0.631589306;4635.926964;386.9488163;249.7619039;161.2125584;104.0570583;67.21722373;43.38636292;39.45033328;0.86580987;300.0881897;0.77422943;16.1256993;0.61669126;;;0.01502277;0.07457101;0.3004553;1.49142024;264.1;0
127;0;0;0;0;0.995;0;0;0.005;300;230;15;127;127;-0.602092644;3558.585687;333.5507991;219.742489;144.7658396;95.37139768;62.87686005;41.42312884;38.75300007;0.77521179;300.3086477;0.87289271;14.34148332;0.48774151;;;1.86010639;0.86263594;37.20212772;17.25271873;260.9;0
130;0;0;0;0;0;0;0;0;300;230;15;130;130;-0.604398427;11122.7449;1033.140173;679.5433915;446.9666683;293.9903545;193.5142266;127.2831289;56.52142861;4.452529;300.2771563;0.80316895;42.20334544;3.2333346;230.3380952;0.62818129;-0.00112358;0.00017587;-0.02247153;0.00351748;301.8;0
134;0;0;0;0;0;1;0;0;300;230;15;134;134;-0.6598535;5807.939303;433.7863805;274.5618651;173.7818916;109.9939565;69.67621217;44.10104057;38.98599987;0.71462014;300.3174662;0.79856501;17.65552654;0.22236044;229.8999982;0.08025293;2.56310771;0.03675217;51.26215427;0.73504345;265.2;0
140;0;0;0.5;0;0;0;0.5;0;300;230;15;140;140;-0.709130685;9991.752558;614.8246366;376.0812267;230.0446024;140.7156628;86.14904775;52.69639118;42.21333332;0.88296833;300.4585587;0.96173343;24.44757884;0.79819586;229.9299983;0.0907602;2.10645727;0.02819595;42.12914542;0.56391902;271.6;0
